<?xml version="1.0" encoding="utf-8"?>
<ModMetaData>
	<packageId>RunningBugs.PermanentDarkness</packageId>
	<name>永续黑暗 Permanent Darkness</name>
	<author>RunningBugs</author>
	<supportedVersions>
		<!-- <li>1.4</li> -->
		<li>1.5</li>
	</supportedVersions>

	<modDependencies>
		<li>
			<packageId>Ludeon.RimWorld.Anomaly</packageId>
			<displayName>RimWorld - Anomaly</displayName>
		</li>
	</modDependencies>

	<incompatibleWith>
		<!-- <li>username.modname</li> -->
	</incompatibleWith>

	<loadAfter>
		<li>Ludeon.RimWorld.Anomaly</li>
	</loadAfter>

	<description>Template</description>
</ModMetaData>
